outcome,baseline_mean
In Top 5,0.11349268468902403
In Top 6-20,0.08754289842856283
In Top 21-100,0.15952194593292793
Citations,2.461123659287325
