model,year_coef_per_year,year_coef_per_decade
Unadjusted trend,0.0018727558423613907,0.018727558423613906
Field-composition adjusted,0.0017422025133629932,0.01742202513362993
Field+method+volume adjusted,0.00010730637398703724,0.0010730637398703724
